,Target,Domain Rating,Ref domains Dofollow,Backlink Dofollow,DA,Check
0,americasurvival.org,16.0,288,21742,36,
1,glibblog.com,42.0,1939,655619,37,
2,fnnation.com,20.0,195,11137,38,
3,fuckingmotherfucker.com,31.0,409,158472,39,
4,culinarybrodown.com,27.0,145,2007,45,
5,kiwitobes.com,28.0,285,6083,33,
6,eseminarslive.com,31.0,213,3050,32,
7,nepadbiosafety.net,27.0,104,570,31,
8,q4tw.com,18.0,60,238,31,x
9,p-ramlee.com,13.0,582,19155,31,
10,terrorvision.com,14.0,126,2071,32,
11,cormorano.net,28.0,283,1391,33,
12,magnumwallet.co,52.0,275,2499,33,
13,justsayah.com,42.0,1173,108453,45,
14,travisheightsbevworld.com,9.0,50,94,35,x
15,centre-etude-expression.com,19.0,60,3046,33,x
16,hostingmexico1.com,47.0,101,451,30,x
17,johngutmann.org,23.0,202,7323,34,
18,philosofiction.com,17.0,49,290,30,x
19,orrinhatch.com,19.0,67,506,34,x
20,chaaps.com,9.0,337,2154,35,x
21,semgroupcorp.com,33.0,163,780,37,
22,piop.net,31.0,233,2479,45,
23,securitydefenceagenda.org,42.0,392,2842,48,
24,983bk.com,30.0,54,152,30,x
25,amandashome.com,19.0,292,5074,35,
26,homeandgardendesignideas.com,56.0,4654,34137,35,
27,composersinc.org,21.0,112,969,22,x
28,bankupworldwide.com,0.0,2,20,8,x
29,fiveforksautomotive.com,0.0,3,6,8,x
30,chestercountyopticians.com,3.2,18,32,17,x
31,6xc.com,0.2,2,2,1,x
32,paystub.net,0.0,0,0,1,x
33,saintpierrelebisey-caen.com,12.0,6,135,18,x
34,doctorsfamilyclinic.net,0.9,15,53,16,x
35,elitebarber.com,0.0,1,2,3,x
36,saltlakecityutrealestate.com,0.0,0,0,1,x
37,chopstickswaterford.com,9.0,12,82,11,x
38,bsfurniturepampanga.com,3.6,8,22,8,x
39,carlascakesonline.com,3.0,132,321,12,x
40,currentstyles.com,0.0,0,0,1,x
41,goamatkalive.com,0.0,0,0,1,x
42,motagistics.com,26.0,128,1608,16,x
43,childabuseintervention.org,24.0,38,111,17,x
44,mobettatuning.com,0.0,0,0,1,x
45,perimeterinn.com,1.8,20,81,14,x
46,dreamboy.com,0.5,21,40,7,x
47,nclcnewark.org,11.0,35,102,29,x
48,cleaningrochester.com,2.1,3,5,10,x
49,aybarfeet.com,0.0,2,3,4,x
50,77023.com,0.0,0,0,2,x
51,heraldoffashion.com,20.0,140,645,34,
52,felix-entertainment.com,1.7,130,3091,16,x
53,servermatrix.com,31.0,168,1676,29,x
54,sdheroicfitness.com,0.0,0,0,3,x
55,vestelibre.com,0.0,0,0,1,x
56,julespets.com,0.0,7,20,4,x
57,gardengrapevine.com,10.0,469,1242,30,x
58,viragojewelrypr.com,0.0,0,0,1,x
59,zaqx.com,0.0,1,1,1,x
60,alynnsbutterflyinn.com,6.0,49,177,17,x
61,jackyjonessuperstore.com,1.9,13,153,17,x
62,terrykim-shoemaker.com,0.0,7,26,5,x
63,robinbruton.com,0.0,0,0,1,x
64,chernobyltime.com,10.0,75,249,26,x
65,restaurantelamatriarca.com,2.6,4,12,8,x
66,homelooker.com,0.0,0,0,1,x
67,thehomemadehumour.com,0.2,15,241,16,x
68,toyohibachiasianfusion.com,4.5,5,21,15,x
69,vocspizza.com,2.0,12,55,14,x
70,cajunstyleswamptours.com,2.9,17,164,10,x
71,chequerssmokehouse.com,1.8,14,284,19,x
72,create-hub.com,27.0,147,2774,31,
73,lightingassociates.org,25.0,289,3600,29,x
74,drytools.com,0.0,0,0,2,x
75,gametimes24.com,1.6,48,99,12,x
76,rodehouseaz.com,0.0,4,10,4,x
77,thevapehouse.net,0.0,8,17,12,x
78,dailydomaindeals.com,0.0,0,0,1,x
79,standingdog.com,32.0,130,665,33,
80,evilash.me,0.6,3,7,2,x
81,rainemaida.net,10.0,132,666,35,x
82,vikingrowingclub.com,11.0,28,112,13,x
83,forinvestors.com,0.0,1,1,3,x
84,cn-number.com,0.0,0,0,1,x
85,bridgewatercornerstore.com,3.5,28,61,17,x
86,horsepartners.com,0.0,1,12,3,x
87,seagla.org,10.0,55,727,18,x
88,frontlineready.com,0.0,0,0,2,x
89,kidsgowild.org,6.0,16,50,20,x
90,wadiz.com,1.6,6,11,10,x
91,chainolakeswaterdogs.com,0.0,0,0,6,x
92,kichabid.com,0.0,1,1,3,x
93,schmitzauctions.com,1.6,12,407,18,x
94,estia-brighton.com,4.9,9,37,8,x
95,aftersound.com,1.1,1,1,1,x
96,vultureculture.com,0.0,5,6,4,x
97,erasimpsonrealty.net,2.9,26,2802,16,x
98,merryfates.com,38.0,139,5182,37,
99,bidilforeclosures.com,16.0,31,274,14,x
100,deerfielddoglodging.com,1.7,5,10,13,x
101,brmadeena.com,0.0,1,3,5,x
102,thebackyardzone.com,6.0,11,301,9,x
103,darlingdowns-aussies.com,20.0,12,35,13,x
104,oknews.net,0.0,0,0,1,x
105,circostasitalian.com,0.5,15,66,14,x
106,naturalwoodenboxco.com,1.6,8,28,10,x
107,veniceshortstay.com,11.0,53,2000,17,x
108,8800.cc,11.0,15,83,3,x
109,daytongrandhotel.com,2.7,31,209,20,x
110,soap-secret.com,0.0,0,0,1,x
111,lmdefense.com,1.4,30,162,14,x
112,ibcrazycoops.com,0.4,8,55,8,x
113,grandeharbourhomes.com,3.2,4,7,6,x
114,koraellex.com,0.0,0,0,1,x
115,linggahosting.com,7.0,73,13538,10,x
116,ozmc.com,0.0,3,4,1,x
117,successfullymade.com,0.0,9,104,8,x
118,hybridhookahs.com,0.0,1,2,6,x
119,aseansports.com,12.0,1177,2386,26,x
120,obstaclefitnessspfld.com,9.0,3,9,3,x
121,elderlytech.com,4.1,102,641,34,x
122,jandjfenceks.com,0.0,7,394,10,x
123,garconsf.com,9.0,98,330,36,x
124,boulevardlavauddelivery.com,10.0,5,13,7,x
125,londonnationals.com,0.2,2,2,5,x
126,jambo.org,9.0,42,61103,16,x
127,2dornot2d.org,17.0,52,590,19,x
128,elegantconcretedesigns.com,0.4,6,142,6,x
129,arbola.com,1.1,2,2,2,x
130,metroplay.com,1.5,3,10,8,x
131,dailycryptoflash.com,0.1,7,14,10,x
132,direkto.com,0.0,5,15,9,x
133,hfprint.com,16.0,447,6176,1,x
134,siteone.net,0.1,8,40,9,x
135,thehuttonews.com,23.0,99,898,32,x
136,italydeli.com,14.0,170,311,14,x
137,veriza.com,1.9,1,3,3,x
138,modernround.com,25.0,147,285,38,
139,internationalpeacehonors.org,19.0,78,1453,24,x
140,policemarksman.com,12.0,75,406,27,x
141,restaurantemajara.com,3.4,21,136,14,x
142,barbariansgear.com,0.0,0,0,1,x
143,mcbeecottages.com,3.2,45,105,17,x
144,hitechno.com,0.0,0,0,3,x
145,maidstonehotel.net,0.9,30,1333,11,x
146,theoaksatuniversity.com,0.0,0,0,4,x
147,handmadedesserts.com,0.5,23,62,9,x
148,cdak.com,0.0,2,3,3,x
149,twistedeyewear.com,4.6,39,86,9,x
150,rickforlg.com,17.0,71,145,29,x
151,kikoskraftees.com,0.0,3,12,6,x
152,gemworldholdings.com,9.0,16,450360,8,x
153,duvallinthesmokiesrvcampground.com,8.0,36,297,22,x
154,heartandsoullodging.com,0.4,7,20,5,x
155,beerlifehacks.com,0.0,0,0,1,x
156,shopkins.com,0.0,3,9,2,x
157,topbike.com,0.8,5,7,6,x
158,thermography-sc.com,5.0,12,106,15,x
159,littlefriendssensorygym.com,0.5,4,6,6,x
160,polyannakennels.com,0.0,4,7,11,x
161,js9.com,1.2,145,157,1,x
162,queenstreetauto.com,0.0,3,4,2,x
163,kaashomaanka.com,2.1,58,110,11,x
164,startupbug.net,34.0,32,1431,14,x
165,blvucci.com,12.0,18,84,15,x
166,2020shift.com,58.0,97,324,35,x
167,goldcarrytrade.com,14.0,8,13,6,x
168,minnesota-visitor.com,22.0,600,3009,27,x
169,chewbear.com,0.0,0,0,4,x
170,thechelseanashville.com,6.0,5,11,5,x
171,clutchcloset.com,4.0,23,35,13,x
172,78552.com,0.0,0,0,1,x
173,franciamarquezmina.com,19.0,92,170,36,x
174,shatabdiairexpress.com,0.7,1,7,5,x
175,golddigger-ng.com,1.1,6,13,9,x
176,keepwinning.com,0.0,0,0,1,x
177,974r.com,0.0,7,9,2,x
178,quanji.com,23.0,79,9202,2,x
179,dhldaytonjobs.com,20.0,5,11,8,x
180,celestesinteriors.com,3.1,19,49,12,x
181,addlestonegrill.com,0.0,2,7,6,x
182,arlingtonselfdefense.com,0.4,19,1748,18,x
183,letsillustrate.org,0.8,1,2,1,x
184,rentunh.com,1.9,6,33,6,x
185,wtaelocaljobs.com,21.0,18,27570,10,x
186,zr188.com,52.0,125,843,2,x
187,localconstruct.com,22.0,40,174,27,x
188,foodevolution.com,6.0,48,183,26,x
189,downeyskinandbodytherapy.info,0.0,0,0,2,x
190,sipsncanvas.com,0.6,13,21,9,x
191,centraliowapropertymanagement.com,0.0,2,10,13,x
192,alwaysthesunboutique.com,6.0,32,36,10,x
193,villagecarwash.net,1.4,21,62,14,x
194,babybelt.com,0.0,0,0,1,x
195,cannonbeachhotel.com,12.0,52,283,21,x
196,defendare.com,0.7,6,14,3,x
197,pinarealestateacademy.com,2.1,3,29,2,x
198,aigenom.com,6.0,233,479,24,x
199,pendao.com,0.5,5,8,11,x
200,hedgerow-harvest.com,18.0,255,915,35,
201,carajoweb.com,22.0,241,15561,41,
202,filmkoleksi.com,1.6,8,577,6,x
203,beadandreel.com,44.0,264,1739,38,
204,fobello.com,25.0,71,1417,28,x
205,burgerandbordeaux.com,13.0,10,69,17,x
206,coindev.com,0.0,0,0,1,x
207,wailuameatco.com,13.0,11,36,9,x
208,esuncamera.com,2.9,3,3,2,x
209,dilleyfloors.com,2.6,11,26,14,x
210,medors.com,0.0,0,0,1,x
211,allali.com,0.0,0,0,5,x
212,cherokeesteelfabricators.com,2.6,15,46,8,x
213,insurancementor.com,0.0,0,0,1,x
214,hbccollege.com,5.0,9,24,12,x
215,smallunites.org,29.0,143,311,28,x
216,sersoftware.com,2.7,20,81,16,x
217,twobrotherspizzarhinebeck.com,0.0,0,0,3,x
218,roosheatingandairconditioning.com,0.0,0,0,1,x
219,securityworx.com,1.6,179,134274,14,x
220,whale-write.com,0.0,10,15,8,x
221,infinitethinking.com,0.1,3,9,4,x
222,cp118.com,0.9,1,1,1,x
223,gajananhospitals.com,0.0,3,19,8,x
224,scotchbrookrentaltownhomes.com,0.0,1,1,4,x
225,bloomfieldfirebirds.com,0.0,4,5,6,x
226,dxcap.com,0.0,0,0,2,x
227,hempnatural.com,3.1,14,445,7,x
228,lsuinsects.org,29.0,118,7457,27,x
229,az18.com,0.0,0,0,1,x
230,fueltraders.com,0.0,0,0,1,x
231,danieldmusic.com,19.0,69,393,20,x
232,mybluedots.org,17.0,30,134,18,x
233,gabbardfeed.com,0.2,12,22,6,x
234,easy-online-courses.com,23.0,2932,1508872,19,x
235,uzuryno.com,0.0,0,0,1,x
236,timhardaway.com,3.2,15,69,13,x
237,ctltrans.com,0.5,10,17,15,x
238,montclairduplexapartments.com,0.0,3,5,4,x
239,redbluffpropertymanagement.com,1.4,20,129,10,x
240,hartwoodwineryva.com,15.0,62,179,24,x
241,toscanyacademy.com,11.0,122,909,25,x
242,dailypositivequotes.com,9.0,473,2045,27,x
243,denverquarterly.com,19.0,364,40709,25,x
244,thewebpager.com,19.0,42,327,20,x
245,meyere-58h.com,16.0,91,2179,14,x
246,eastharlempreservation.org,24.0,151,2421,35,
247,hitpulse.com,24.0,319,3326,22,x
248,lifehealthcaregroup.com,0.2,4,7,10,x
249,agsj.org,12.0,67,409,20,x
250,eatatsoco.com,0.0,0,0,1,x
251,ferramentagioia.com,0.0,23,41,7,x
252,selleramzcourse.com,0.0,2,14,7,x
253,bananaflourrecipes.com,0.0,0,0,1,x
254,ecis2021.com,21.0,40,1336,23,x
255,yourpool.com,1.7,17,47,17,x
256,bestowed.com,31.0,303,2349,47,
257,freeglossary.com,16.0,119,1391,27,x
258,belizetimes.bz,30.0,379,34053,44,
259,foodieandthegeek.com,9.0,175,1306,4,x
260,nabilabiela.com,6.0,676,149880,20,x
261,bioterror.net,11.0,185,944,4,x
262,zofran911.com,19.0,1195,56725,18,x
263,rachatdescredit.com,9.0,168,910,4,x
264,oldtrunks.com,39.0,76,426,22,x
265,suziemanley.com,21.0,577,2441,15,x
266,alongthewayside.com,23.0,145,362,29,x
267,scienceworksforus.org,34.0,113,2180,36,
268,farmiciarestaurant.com,25.0,269,1210,40,
269,secureapp.com,47.0,129,1603,27,x
270,useitmedia.com,7.0,120,310,5,x
271,hamsdr.com,11.0,74,2599,23,x
272,arenaofthemes.com,43.0,91,1308,14,x
273,tizaaconnect.com,19.0,515,4122,3,x
274,thechamberbusinessnetwork.com,24.0,1150,98429,11,x
275,evkurum.com,7.0,117,289,5,x
276,terminal-illness.com,9.0,174,920,4,x
277,familyadventuretravel.com,6.0,43,97,15,x
278,aunmas.com,11.0,208,11251,40,
279,alife9.org,21.0,250,667,17,x
280,visitwitteringsonline.com,12.0,259,672,7,x
281,urbanclimbermag.tv,30.0,114,2027,18,x
282,boomer-books.com,12.0,293,874,8,x
283,3rdbasebrewery.com,3.5,148,531,16,x
284,weddingguideonline.com,29.0,79,1415,10,x
285,levallois-commerces.com,29.0,74,587,12,x
286,taichi-deutschland.net,31.0,99,678,9,x
287,cijmalaysia.org,26.0,380,41474,37,
288,lthack.com,43.0,179,1372,7,x
289,thaipressasso.org,13.0,268,718,13,x
290,cajasvalencia.com,12.0,338,925,12,x
291,valeofevesham.net,30.0,96,669,19,x
292,freshsheet.net,29.0,91,652,12,x
293,treelinetampa.com,12.0,264,708,11,x
294,prairiehorsesale.com,30.0,71,666,10,x
295,kreuzer-dialogmarketing.com,0.1,21,95,11,x
296,zambiabook.com,29.0,103,754,14,x
297,hnsmba.org,31.0,297,1498,18,x
298,costaricanfood.net,12.0,271,712,8,x
299,smiltur.com,12.0,332,59505,6,x
300,afd35.org,12.0,264,667,5,x
301,uugardens.org,28.0,205,9001,16,x
302,nma.tv,43.0,1053,19573,59,
303,blogmapper.com,26.0,786,2407,25,x
304,qwanturank.live,43.0,1448,32566,19,x
305,heyheyapps.com,13.0,83,380,39,x
306,the-race-movie.com,4.8,143,1548,20,x
307,vipescortmodel.net,11.0,124,342572,20,x
308,colegrovephotography.com,12.0,235,80700,24,x
309,surenatalent.com,0.3,29,65,5,x
310,mind-n-magick.com,8.0,298,25644,21,x
311,canadapharmacy-drugrx.com,34.0,101,759,23,x
312,eichorn-law.com,6.0,69,1025,20,x
313,kuara.net,13.0,81,8741,20,x
314,katai.tv,21.0,45,104,12,x
315,edct.net,25.0,199,434,27,x
316,thevirtualdimemuseum.com,7.0,59,6397,16,x
317,vistaview360.com,6.0,147,1224,31,x
318,oldstatetheatreantiques.com,10.0,41,146,8,x
319,bayswater-realty.com,3.5,80,457,8,x
320,enjoy-retirement-jobs.com,6.0,52,638,17,x
321,eatingappalachia.com,11.0,116,7659,28,x
322,dhradio.net,13.0,194,913,1,x
323,yemensaeed.com,17.0,300,757773,26,x
324,modcoder.org,48.0,92,236,19,x
325,letterpresskids.com,14.0,387,88240,25,x
326,100spravok.info,11.0,89,216,29,x
327,wrywriter.com,5.0,83,22472,23,x
